{
  "openai": 0,
  "claude": 39.51678,
  "gemini": 0.6549281250000001,
  "kimi": 5.329829400000002,
  "deepseek": 0,
  "grok": 0,
  "lastReset": "2026-02-12T21:37:00Z",
  "note": "Kimi balance updated to $22 remaining"
}