{
  "openai": 0,
  "claude": 0,
  "gemini": 0,
  "kimi": 0,
  "deepseek": 0,
  "groq": 0,
  "lastReset": "2026-02-20T21:20:00Z",
  "note": "Tiger requested fresh start with updated balances",
  "qwen": 2.5338576000000006,
  "minimax": 0.43489920000000004
}