{
  "openai": 0,
  "claude": 0,
  "gemini": 11.412066250000002,
  "kimi": 0,
  "deepseek": 0,
  "groq": 0,
  "lastReset": "2026-02-20T21:20:00Z",
  "note": "Tiger requested fresh start with updated balances",
  "qwen": 4.813376400000009,
  "minimax": 5.887432800000006
}