{
  "openai": 0,
  "claude": 0,
  "gemini": 1.9160162500000002,
  "kimi": 0,
  "deepseek": 0,
  "groq": 0,
  "lastReset": "2026-02-20T21:20:00Z",
  "note": "Tiger requested fresh start with updated balances",
  "qwen": 4.200948000000001,
  "minimax": 1.7498120000000013
}